Timestamp,Level,WP,URL,Message
"2025-01-16 10:06:36,426",INFO,WP3,https://emodnet.ec.europa.eu/geonetwork/srv/eng/catalog.search#/metadata/6d617269-6e65-696e-666f-000000005259,Expecting value: line 1 column 1 (char 0)
"2025-01-16 10:06:40,336",INFO,WP3,https://emodnet.ec.europa.eu/geoviewer/?layers=12701:1:1;12548:1:1;11952:1:1;12614:1:1;10538:1:1&basemap=ebwbl&active=undefined&bounds=6.892904534994003;32.576939923538475;49.77985542488438;58.40925855707822&filters=,Expecting value: line 1 column 1 (char 0)
"2025-01-16 10:06:40,572",INFO,WP3,https://www.elbe-datenportal.de/FisFggElbe/ausgabe/dbe_gast_20240424_141249064.xls,HTTP Status code:404
"2025-01-16 10:06:40,698",INFO,WP3,https://www.elbe-datenportal.de/FisFggElbe/ausgabe/dbe_gast_20240424_145858162.xls,HTTP Status code:404
"2025-01-16 10:06:40,821",INFO,WP3,https://www.elbe-datenportal.de/FisFggElbe/ausgabe/dbe_gast_20240424_150940803.xls,HTTP Status code:404
"2025-01-16 10:06:40,963",INFO,WP3,https://www.elbe-datenportal.de/FisFggElbe/ausgabe/dbe_gast_20240424_152905977.xls,HTTP Status code:404
"2025-01-16 10:06:41,093",INFO,WP3,https://www.elbe-datenportal.de/FisFggElbe/ausgabe/dbe_gast_20240424_154040947.xls,HTTP Status code:404
"2025-01-16 10:06:41,214",INFO,WP3,https://www.elbe-datenportal.de/FisFggElbe/ausgabe/dbe_gast_20240424_160403121.xls,HTTP Status code:404
"2025-01-16 10:06:41,345",INFO,WP3,https://www.elbe-datenportal.de/FisFggElbe/ausgabe/dbe_gast_20240424_164519168.xls,HTTP Status code:404
"2025-01-16 10:06:41,483",INFO,WP3,https://www.elbe-datenportal.de/FisFggElbe/ausgabe/dbe_gast_20240424_165247244.xls,HTTP Status code:404
"2025-01-16 10:06:41,603",INFO,WP3,https://www.elbe-datenportal.de/FisFggElbe/ausgabe/dbe_gast_20240424_170402308.xls,HTTP Status code:404
"2025-01-16 10:06:41,745",INFO,WP3,https://www.elbe-datenportal.de/FisFggElbe/ausgabe/dbe_gast_20240424_171151163.xls,HTTP Status code:404
"2025-01-16 10:06:41,865",INFO,WP3,https://www.elbe-datenportal.de/FisFggElbe/ausgabe/dbe_gast_20240424_171905583.xls,HTTP Status code:404
"2025-01-16 10:06:41,996",INFO,WP3,https://www.elbe-datenportal.de/FisFggElbe/ausgabe/dbe_gast_20240425_141956909.xls,HTTP Status code:404
"2025-01-16 10:06:42,119",INFO,WP3,https://www.elbe-datenportal.de/FisFggElbe/ausgabe/dbe_gast_20240425_142351887.xls,HTTP Status code:404
"2025-01-16 10:06:42,243",INFO,WP3,https://www.elbe-datenportal.de/FisFggElbe/ausgabe/dbe_gast_20240425_113745361.xls,HTTP Status code:404
"2025-01-16 10:06:42,375",INFO,WP3,https://www.elbe-datenportal.de/FisFggElbe/ausgabe/dbe_gast_20240425_144246286.xls,HTTP Status code:404
"2025-01-16 10:06:42,512",INFO,WP3,https://www.elbe-datenportal.de/FisFggElbe/ausgabe/dbe_gast_20240425_144941836.xls,HTTP Status code:404
"2025-01-16 10:06:42,646",INFO,WP3,https://www.elbe-datenportal.de/FisFggElbe/ausgabe/dbe_gast_20240425_115604118.xls,HTTP Status code:404
"2025-01-16 10:06:42,807",INFO,WP3,https://www.elbe-datenportal.de/FisFggElbe/ausgabe/dbe_gast_20240425_151737784.xls,HTTP Status code:404
"2025-01-16 10:06:43,052",INFO,WP3,https://www.elbe-datenportal.de/FisFggElbe/ausgabe/dbe_gast_20240425_152402681.xls,HTTP Status code:404
"2025-01-16 10:06:43,180",INFO,WP3,https://www.elbe-datenportal.de/FisFggElbe/ausgabe/dbe_gast_20240425_121613949.xls,HTTP Status code:404
"2025-01-16 10:06:43,319",INFO,WP3,https://www.elbe-datenportal.de/FisFggElbe/ausgabe/dbe_gast_20240425_153517121.xls,HTTP Status code:404
"2025-01-16 10:06:43,457",INFO,WP3,https://www.elbe-datenportal.de/FisFggElbe/ausgabe/dbe_gast_20240425_154356373.xls,HTTP Status code:404
"2025-01-16 10:06:43,636",INFO,WP3,https://www.elbe-datenportal.de/FisFggElbe/ausgabe/dbe_gast_20240425_161141694.xls,HTTP Status code:404
"2025-01-16 10:06:43,766",INFO,WP3,https://www.elbe-datenportal.de/FisFggElbe/ausgabe/dbe_gast_20240425_164303949.xls,HTTP Status code:404
"2025-01-16 10:06:43,895",INFO,WP3,https://www.elbe-datenportal.de/FisFggElbe/ausgabe/dbe_gast_20240425_165409780.xls,HTTP Status code:404
"2025-01-16 10:06:44,021",INFO,WP3,https://www.elbe-datenportal.de/FisFggElbe/ausgabe/dbe_gast_20240425_171008871.xls,HTTP Status code:404
"2025-01-16 10:06:44,148",INFO,WP3,https://www.elbe-datenportal.de/FisFggElbe/ausgabe/dbe_gast_20240426_190731491.xls,HTTP Status code:404
"2025-01-16 10:06:44,267",INFO,WP3,https://www.elbe-datenportal.de/FisFggElbe/ausgabe/dbe_gast_20240426_191137185.xls,HTTP Status code:404
"2025-01-16 10:06:44,386",INFO,WP3,https://www.elbe-datenportal.de/FisFggElbe/ausgabe/dbe_gast_20240426_191348501.xls,HTTP Status code:404
"2025-01-16 10:06:44,505",INFO,WP3,https://www.elbe-datenportal.de/FisFggElbe/ausgabe/dbe_gast_20240426_191507977.xls,HTTP Status code:404
"2025-01-16 10:06:44,627",INFO,WP3,https://www.elbe-datenportal.de/FisFggElbe/ausgabe/dbe_gast_20240426_192915513.xls,HTTP Status code:404
"2025-01-16 10:06:44,743",INFO,WP3,https://www.elbe-datenportal.de/FisFggElbe/ausgabe/dbe_gast_20240426_193143306.xls,HTTP Status code:404
"2025-01-16 10:06:44,852",INFO,WP3,https://www.elbe-datenportal.de/FisFggElbe/ausgabe/dbe_gast_20240426_193715334.xls,HTTP Status code:404
"2025-01-16 10:06:44,968",INFO,WP3,https://www.elbe-datenportal.de/FisFggElbe/ausgabe/dbe_gast_20240426_193855580.xls,HTTP Status code:404
"2025-01-16 10:06:45,087",INFO,WP3,https://www.elbe-datenportal.de/FisFggElbe/ausgabe/dbe_gast_20240428_132940566.xls,HTTP Status code:404
"2025-01-16 10:06:45,205",INFO,WP3,https://www.elbe-datenportal.de/FisFggElbe/ausgabe/dbe_gast_20240428_140319961.xls,HTTP Status code:404
"2025-01-16 10:06:45,316",INFO,WP3,https://www.elbe-datenportal.de/FisFggElbe/ausgabe/dbe_gast_20240428_140530994.xls,HTTP Status code:404
"2025-01-16 10:06:45,432",INFO,WP3,https://www.elbe-datenportal.de/FisFggElbe/ausgabe/dbe_gast_20240428_142007451.xls,HTTP Status code:404
"2025-01-16 10:06:45,544",INFO,WP3,https://www.elbe-datenportal.de/FisFggElbe/ausgabe/dbe_gast_20240427_152451557.xls,HTTP Status code:404
"2025-01-16 10:06:45,659",INFO,WP3,https://www.elbe-datenportal.de/FisFggElbe/ausgabe/dbe_gast_20240427_205811799.xls,HTTP Status code:404
"2025-01-16 10:06:45,777",INFO,WP3,https://www.elbe-datenportal.de/FisFggElbe/ausgabe/dbe_gast_20240427_205953610.xls,HTTP Status code:404
"2025-01-16 10:06:45,895",INFO,WP3,https://www.elbe-datenportal.de/FisFggElbe/ausgabe/dbe_gast_20240427_220817775.xls,HTTP Status code:404
"2025-01-16 10:06:46,027",INFO,WP3,https://www.elbe-datenportal.de/FisFggElbe/ausgabe/dbe_gast_20240430_144449843.xls,HTTP Status code:404
"2025-01-16 10:06:46,151",INFO,WP3,https://www.elbe-datenportal.de/FisFggElbe/ausgabe/dbe_gast_20240430_145438414.xls,HTTP Status code:404
"2025-01-16 10:06:46,279",INFO,WP3,https://www.elbe-datenportal.de/FisFggElbe/ausgabe/dbe_gast_20240430_150755880.xls,HTTP Status code:404
"2025-01-16 10:06:46,421",INFO,WP3,https://www.elbe-datenportal.de/FisFggElbe/ausgabe/dbe_gast_20240430_151950408.xls,HTTP Status code:404
"2025-01-16 10:06:46,533",INFO,WP3,https://www.elbe-datenportal.de/FisFggElbe/ausgabe/dbe_gast_20240430_161346041.xls,HTTP Status code:404
"2025-01-16 10:06:46,649",INFO,WP3,https://www.elbe-datenportal.de/FisFggElbe/ausgabe/dbe_gast_20240430_173934090.xls,HTTP Status code:404
"2025-01-16 10:06:46,771",INFO,WP3,https://www.elbe-datenportal.de/FisFggElbe/ausgabe/dbe_gast_20240502_111938873.xls,HTTP Status code:404
"2025-01-16 10:06:46,888",INFO,WP3,https://www.elbe-datenportal.de/FisFggElbe/ausgabe/dbe_gast_20240502_112626371.xls,HTTP Status code:404
"2025-01-16 10:06:47,013",INFO,WP3,https://www.elbe-datenportal.de/FisFggElbe/ausgabe/dbe_gast_20240502_113620867.xls,HTTP Status code:404
"2025-01-16 10:06:47,144",INFO,WP3,https://www.elbe-datenportal.de/FisFggElbe/ausgabe/dbe_gast_20240502_122857927.xls,HTTP Status code:404
"2025-01-16 10:06:47,253",INFO,WP3,https://www.elbe-datenportal.de/FisFggElbe/ausgabe/dbe_gast_20240502_133853790.xls,HTTP Status code:404
"2025-01-16 10:06:47,364",INFO,WP3,https://www.elbe-datenportal.de/FisFggElbe/ausgabe/dbe_gast_20240502_135709407.xls,HTTP Status code:404
"2025-01-16 10:06:47,481",INFO,WP3,https://www.elbe-datenportal.de/FisFggElbe/ausgabe/dbe_gast_20240502_140312984.xls,HTTP Status code:404
"2025-01-16 10:06:47,596",INFO,WP3,https://www.elbe-datenportal.de/FisFggElbe/ausgabe/dbe_gast_20240502_141203305.xls,HTTP Status code:404
"2025-01-16 10:06:47,720",INFO,WP3,https://www.elbe-datenportal.de/FisFggElbe/ausgabe/dbe_gast_20240502_142034701.xls,HTTP Status code:404
"2025-01-16 10:06:47,837",INFO,WP3,https://www.elbe-datenportal.de/FisFggElbe/ausgabe/dbe_gast_20240502_142854896.xls,HTTP Status code:404
"2025-01-16 10:06:47,974",INFO,WP3,https://www.elbe-datenportal.de/FisFggElbe/ausgabe/dbe_gast_20240502_143605136.xls,HTTP Status code:404
"2025-01-16 10:06:48,120",INFO,WP3,https://www.elbe-datenportal.de/FisFggElbe/ausgabe/dbe_gast_20240502_150654078.xls,HTTP Status code:404
"2025-01-16 10:06:48,231",INFO,WP3,https://www.elbe-datenportal.de/FisFggElbe/ausgabe/dbe_gast_20240502_151338187.xls,HTTP Status code:404
"2025-01-16 10:06:48,395",INFO,WP3,https://www.elbe-datenportal.de/FisFggElbe/ausgabe/dbe_gast_20240502_152400714.xls,HTTP Status code:404
"2025-01-16 10:06:48,562",INFO,WP3,https://www.elbe-datenportal.de/FisFggElbe/ausgabe/dbe_gast_20240503_123543408.xls,HTTP Status code:404
"2025-01-16 10:06:48,737",INFO,WP3,https://www.elbe-datenportal.de/FisFggElbe/ausgabe/dbe_gast_20240503_125619603.xls,HTTP Status code:404
"2025-01-16 10:06:48,879",INFO,WP3,https://www.elbe-datenportal.de/FisFggElbe/ausgabe/dbe_gast_20240503_130141711.xls,HTTP Status code:404
"2025-01-16 10:06:49,062",INFO,WP3,https://www.elbe-datenportal.de/FisFggElbe/ausgabe/dbe_gast_20240503_131128273.xls,HTTP Status code:404
"2025-01-16 10:06:49,202",INFO,WP3,https://www.elbe-datenportal.de/FisFggElbe/ausgabe/dbe_gast_20240503_132412595.xls,HTTP Status code:404
"2025-01-16 10:06:49,325",INFO,WP3,https://www.elbe-datenportal.de/FisFggElbe/ausgabe/dbe_gast_20240502_154457173.xls,HTTP Status code:404
"2025-01-16 10:06:49,446",INFO,WP3,https://www.elbe-datenportal.de/FisFggElbe/ausgabe/dbe_gast_20240502_160452271.xls,HTTP Status code:404
"2025-01-16 10:06:49,561",INFO,WP3,https://www.elbe-datenportal.de/FisFggElbe/ausgabe/dbe_gast_20240502_161340776.xls,HTTP Status code:404
"2025-01-16 10:06:49,673",INFO,WP3,https://www.elbe-datenportal.de/FisFggElbe/ausgabe/dbe_gast_20240502_162002293.xls,HTTP Status code:404
"2025-01-16 10:06:49,785",INFO,WP3,https://www.elbe-datenportal.de/FisFggElbe/ausgabe/dbe_gast_20240502_164949757.xls,HTTP Status code:404
"2025-01-16 10:06:49,907",INFO,WP3,https://www.elbe-datenportal.de/FisFggElbe/ausgabe/dbe_gast_20240503_133507975.xls,HTTP Status code:404
"2025-01-16 10:06:50,034",INFO,WP3,https://www.elbe-datenportal.de/FisFggElbe/ausgabe/dbe_gast_20240503_140002356.xls,HTTP Status code:404
"2025-01-16 10:06:50,156",INFO,WP3,https://www.elbe-datenportal.de/FisFggElbe/ausgabe/dbe_gast_20240503_141617875.xls,HTTP Status code:404
"2025-01-16 10:06:50,280",INFO,WP3,https://www.elbe-datenportal.de/FisFggElbe/ausgabe/dbe_gast_20240503_143342295.xls,HTTP Status code:404
"2025-01-16 10:06:50,403",INFO,WP3,https://www.elbe-datenportal.de/FisFggElbe/ausgabe/dbe_gast_20240503_144004902.xls,HTTP Status code:404
"2025-01-16 10:06:50,526",INFO,WP3,https://www.elbe-datenportal.de/FisFggElbe/ausgabe/dbe_gast_20240503_111740308.xls,HTTP Status code:404
"2025-01-16 10:06:50,655",INFO,WP3,https://www.elbe-datenportal.de/FisFggElbe/ausgabe/dbe_gast_20240503_114208093.xls,HTTP Status code:404
"2025-01-16 10:06:50,788",INFO,WP3,https://www.elbe-datenportal.de/FisFggElbe/ausgabe/dbe_gast_20240503_114920534.xls,HTTP Status code:404
"2025-01-16 10:06:50,925",INFO,WP3,https://www.elbe-datenportal.de/FisFggElbe/ausgabe/dbe_gast_20240503_115429202.xls,HTTP Status code:404
"2025-01-16 10:06:51,043",INFO,WP3,https://www.elbe-datenportal.de/FisFggElbe/ausgabe/dbe_gast_20240503_120234210.xls,HTTP Status code:404
"2025-01-16 10:06:51,157",INFO,WP3,https://www.elbe-datenportal.de/FisFggElbe/ausgabe/dbe_gast_20240503_121549825.xls,HTTP Status code:404
"2025-01-16 10:06:51,273",INFO,WP3,https://www.elbe-datenportal.de/FisFggElbe/ausgabe/dbe_gast_20240503_152937721.xls,HTTP Status code:404
"2025-01-16 10:06:51,385",INFO,WP3,https://www.elbe-datenportal.de/FisFggElbe/ausgabe/dbe_gast_20240503_155102169.xls,HTTP Status code:404
"2025-01-16 10:06:51,502",INFO,WP3,https://www.elbe-datenportal.de/FisFggElbe/ausgabe/dbe_gast_20240503_155723988.xls,HTTP Status code:404
"2025-01-16 10:06:51,622",INFO,WP3,https://www.elbe-datenportal.de/FisFggElbe/ausgabe/dbe_gast_20240503_161549512.xls,HTTP Status code:404
"2025-01-16 10:06:51,744",INFO,WP3,https://www.elbe-datenportal.de/FisFggElbe/ausgabe/dbe_gast_20240503_163605921.xls,HTTP Status code:404
"2025-01-16 10:06:51,861",INFO,WP3,https://www.elbe-datenportal.de/FisFggElbe/ausgabe/dbe_gast_20240503_170939996.xls,HTTP Status code:404
"2025-01-16 10:06:51,976",INFO,WP3,https://www.elbe-datenportal.de/FisFggElbe/ausgabe/dbe_gast_20240506_131700929.xls,HTTP Status code:404
"2025-01-16 10:06:52,095",INFO,WP3,https://www.elbe-datenportal.de/FisFggElbe/ausgabe/dbe_gast_20240506_132608907.xls,HTTP Status code:404
"2025-01-16 10:06:52,237",INFO,WP3,https://www.elbe-datenportal.de/FisFggElbe/ausgabe/dbe_gast_20240506_133901398.xls,HTTP Status code:404
"2025-01-16 10:06:52,365",INFO,WP3,https://www.elbe-datenportal.de/FisFggElbe/ausgabe/dbe_gast_20240506_142049325.xls,HTTP Status code:404
"2025-01-16 10:06:52,477",INFO,WP3,https://www.elbe-datenportal.de/FisFggElbe/ausgabe/dbe_gast_20240506_143353677.xls,HTTP Status code:404
"2025-01-16 10:06:52,597",INFO,WP3,https://www.elbe-datenportal.de/FisFggElbe/ausgabe/dbe_gast_20240506_152849474.xls,HTTP Status code:404
"2025-01-16 10:06:52,726",INFO,WP3,https://www.elbe-datenportal.de/FisFggElbe/ausgabe/dbe_gast_20240506_153652835.xls,HTTP Status code:404
"2025-01-16 10:06:52,850",INFO,WP3,https://www.elbe-datenportal.de/FisFggElbe/ausgabe/dbe_gast_20240506_162736027.xls,HTTP Status code:404
"2025-01-16 10:06:53,004",INFO,WP3,https://www.elbe-datenportal.de/FisFggElbe/ausgabe/dbe_gast_20240506_163211728.xls,HTTP Status code:404
"2025-01-16 10:06:53,137",INFO,WP3,https://www.elbe-datenportal.de/FisFggElbe/ausgabe/dbe_gast_20240506_163619484.xls,HTTP Status code:404
"2025-01-16 10:06:53,268",INFO,WP3,https://www.elbe-datenportal.de/FisFggElbe/ausgabe/dbe_gast_20240506_164052889.xls,HTTP Status code:404
"2025-01-16 10:06:53,397",INFO,WP3,https://www.elbe-datenportal.de/FisFggElbe/ausgabe/dbe_gast_20240506_165302938.xls,HTTP Status code:404
"2025-01-16 10:06:53,535",INFO,WP3,https://www.elbe-datenportal.de/FisFggElbe/ausgabe/dbe_gast_20240506_165851140.xls,HTTP Status code:404
"2025-01-16 10:06:53,666",INFO,WP3,https://www.elbe-datenportal.de/FisFggElbe/ausgabe/dbe_gast_20240506_170339864.xls,HTTP Status code:404
"2025-01-16 10:06:53,801",INFO,WP3,https://www.elbe-datenportal.de/FisFggElbe/ausgabe/dbe_gast_20240506_172850944.xls,HTTP Status code:404
"2025-01-16 10:06:53,932",INFO,WP3,https://www.elbe-datenportal.de/FisFggElbe/ausgabe/dbe_gast_20240506_173453528.xls,HTTP Status code:404
"2025-01-16 10:06:54,065",INFO,WP3,https://www.elbe-datenportal.de/FisFggElbe/ausgabe/dbe_gast_20240506_173935110.xls,HTTP Status code:404
"2025-01-16 10:06:54,199",INFO,WP3,https://www.elbe-datenportal.de/FisFggElbe/ausgabe/dbe_gast_20240506_174252181.xls,HTTP Status code:404
"2025-01-16 10:06:54,324",INFO,WP3,https://www.elbe-datenportal.de/FisFggElbe/ausgabe/dbe_gast_20240506_174549755.xls,HTTP Status code:404
"2025-01-16 10:06:54,446",INFO,WP3,https://www.elbe-datenportal.de/FisFggElbe/ausgabe/dbe_gast_20240507_121959368.xls,HTTP Status code:404
"2025-01-16 10:06:54,565",INFO,WP3,https://www.elbe-datenportal.de/FisFggElbe/ausgabe/dbe_gast_20240507_125753986.xls,HTTP Status code:404
"2025-01-16 10:06:54,692",INFO,WP3,https://www.elbe-datenportal.de/FisFggElbe/ausgabe/dbe_gast_20240507_131312202.xls,HTTP Status code:404
"2025-01-16 10:06:54,809",INFO,WP3,https://www.elbe-datenportal.de/FisFggElbe/ausgabe/dbe_gast_20240507_132158245.xls,HTTP Status code:404
"2025-01-16 10:06:54,927",INFO,WP3,https://www.elbe-datenportal.de/FisFggElbe/ausgabe/dbe_gast_20240507_132826695.xls,HTTP Status code:404
"2025-01-16 10:06:55,055",INFO,WP3,https://www.elbe-datenportal.de/FisFggElbe/ausgabe/dbe_gast_20240507_133452424.xls,HTTP Status code:404
"2025-01-16 10:06:55,196",INFO,WP3,https://www.elbe-datenportal.de/FisFggElbe/ausgabe/dbe_gast_20240507_134021355.xls,HTTP Status code:404
"2025-01-16 10:06:55,386",INFO,WP3,https://www.elbe-datenportal.de/FisFggElbe/ausgabe/dbe_gast_20240507_135306509.xls,HTTP Status code:404
"2025-01-16 10:06:55,537",INFO,WP3,https://www.elbe-datenportal.de/FisFggElbe/ausgabe/dbe_gast_20240507_140144737.xls,HTTP Status code:404
"2025-01-16 10:06:55,676",INFO,WP3,https://www.elbe-datenportal.de/FisFggElbe/ausgabe/dbe_gast_20240507_140957612.xls,HTTP Status code:404
"2025-01-16 10:06:55,829",INFO,WP3,https://www.elbe-datenportal.de/FisFggElbe/ausgabe/dbe_gast_20240507_141352877.xls,HTTP Status code:404
"2025-01-16 10:06:55,955",INFO,WP3,https://www.elbe-datenportal.de/FisFggElbe/ausgabe/dbe_gast_20240507_142045988.xls,HTTP Status code:404
"2025-01-16 10:06:56,075",INFO,WP3,https://www.elbe-datenportal.de/FisFggElbe/ausgabe/dbe_gast_20240507_142755013.xls,HTTP Status code:404
"2025-01-16 10:06:56,193",INFO,WP3,https://www.elbe-datenportal.de/FisFggElbe/ausgabe/dbe_gast_20240507_165027292.xls,HTTP Status code:404
"2025-01-16 10:06:56,322",INFO,WP3,https://www.elbe-datenportal.de/FisFggElbe/ausgabe/dbe_gast_20240507_165348380.xls,HTTP Status code:404
"2025-01-16 10:06:56,452",INFO,WP3,https://www.elbe-datenportal.de/FisFggElbe/ausgabe/dbe_gast_20240507_170342015.xls,HTTP Status code:404
"2025-01-16 10:06:56,567",INFO,WP3,https://www.elbe-datenportal.de/FisFggElbe/ausgabe/dbe_gast_20240507_170909916.xls,HTTP Status code:404
"2025-01-16 10:06:56,687",INFO,WP3,https://www.elbe-datenportal.de/FisFggElbe/ausgabe/dbe_gast_20240507_172832958.xls,HTTP Status code:404
"2025-01-16 10:06:56,808",INFO,WP3,https://www.elbe-datenportal.de/FisFggElbe/ausgabe/dbe_gast_20240507_173201147.xls,HTTP Status code:404
"2025-01-16 10:06:56,923",INFO,WP3,https://www.elbe-datenportal.de/FisFggElbe/ausgabe/dbe_gast_20240507_173640329.xls,HTTP Status code:404
"2025-01-16 10:06:57,045",INFO,WP3,https://www.elbe-datenportal.de/FisFggElbe/ausgabe/dbe_gast_20240507_173940174.xls,HTTP Status code:404
"2025-01-16 10:06:57,170",INFO,WP3,https://www.elbe-datenportal.de/FisFggElbe/ausgabe/dbe_gast_20240507_174453913.xls,HTTP Status code:404
"2025-01-16 10:06:57,363",INFO,WP3,https://www.elbe-datenportal.de/FisFggElbe/ausgabe/dbe_gast_20240507_174850445.xls,HTTP Status code:404
"2025-01-16 10:06:57,490",INFO,WP3,https://www.elbe-datenportal.de/FisFggElbe/ausgabe/dbe_gast_20240507_175150851.xls,HTTP Status code:404
"2025-01-16 10:06:57,609",INFO,WP3,https://www.elbe-datenportal.de/FisFggElbe/ausgabe/dbe_gast_20240508_110843228.xls,HTTP Status code:404
"2025-01-16 10:06:57,735",INFO,WP3,https://www.elbe-datenportal.de/FisFggElbe/ausgabe/dbe_gast_20240508_121941232.xls,HTTP Status code:404
"2025-01-16 10:06:57,858",INFO,WP3,https://www.elbe-datenportal.de/FisFggElbe/ausgabe/dbe_gast_20240508_122801233.xls,HTTP Status code:404
"2025-01-16 10:06:58,010",INFO,WP3,https://www.elbe-datenportal.de/FisFggElbe/ausgabe/dbe_gast_20240508_123127363.xls,HTTP Status code:404
"2025-01-16 10:06:58,160",INFO,WP3,https://www.elbe-datenportal.de/FisFggElbe/ausgabe/dbe_gast_20240508_123733548.xls,HTTP Status code:404
"2025-01-16 10:06:58,291",INFO,WP3,https://www.elbe-datenportal.de/FisFggElbe/ausgabe/dbe_gast_20240508_131054506.xls,HTTP Status code:404
"2025-01-16 10:06:58,428",INFO,WP3,https://www.elbe-datenportal.de/FisFggElbe/ausgabe/dbe_gast_20240508_131739976.xls,HTTP Status code:404
"2025-01-16 10:06:58,547",INFO,WP3,https://www.elbe-datenportal.de/FisFggElbe/ausgabe/dbe_gast_20240508_132459335.xls,HTTP Status code:404
"2025-01-16 10:06:58,685",INFO,WP3,https://www.elbe-datenportal.de/FisFggElbe/ausgabe/dbe_gast_20240508_133033882.xls,HTTP Status code:404
"2025-01-16 10:06:58,823",INFO,WP3,https://www.elbe-datenportal.de/FisFggElbe/ausgabe/dbe_gast_20240508_134425205.xls,HTTP Status code:404
"2025-01-16 10:06:59,077",INFO,WP5,https://emodnet.ec.europa.eu/geonetwork/srv/eng/catalog.search#/metadata/6d617269-6e65-696e-666f-000000002194,Expecting value: line 1 column 1 (char 0)
"2025-01-16 10:06:59,191",INFO,WP5,https://emodnet.ec.europa.eu/geonetwork/srv/eng/catalog.search#/metadata/6d617269-6e65-696e-666f-000000002196,Expecting value: line 1 column 1 (char 0)
"2025-01-16 10:06:59,310",INFO,WP5,https://emodnet.ec.europa.eu/geonetwork/srv/eng/catalog.search#/metadata/6d617269-6e65-696e-666f-000000002452,Expecting value: line 1 column 1 (char 0)
"2025-01-16 10:06:59,416",INFO,WP5,https://emodnet.ec.europa.eu/geonetwork/srv/eng/catalog.search#/metadata/6d617269-6e65-696e-666f-000000002453,Expecting value: line 1 column 1 (char 0)
"2025-01-16 10:06:59,574",INFO,WP5,https://emodnet.ec.europa.eu/geonetwork/srv/eng/catalog.search#/metadata/6d617269-6e65-696e-666f-000000002454,Expecting value: line 1 column 1 (char 0)
"2025-01-16 10:06:59,720",INFO,WP5,https://emodnet.ec.europa.eu/geonetwork/srv/eng/catalog.search#/metadata/6d617269-6e65-696e-666f-000000002455,Expecting value: line 1 column 1 (char 0)
"2025-01-16 10:06:59,844",INFO,WP5,https://emodnet.ec.europa.eu/geonetwork/srv/eng/catalog.search#/metadata/6d617269-6e65-696e-666f-000000002457,Expecting value: line 1 column 1 (char 0)
"2025-01-16 10:06:59,965",INFO,WP5,https://emodnet.ec.europa.eu/geonetwork/srv/eng/catalog.search#/metadata/6d617269-6e65-696e-666f-000000002458,Expecting value: line 1 column 1 (char 0)
"2025-01-16 10:07:00,098",INFO,WP5,https://emodnet.ec.europa.eu/geonetwork/srv/eng/catalog.search#/metadata/6d617269-6e65-696e-666f-000000002459,Expecting value: line 1 column 1 (char 0)
"2025-01-16 10:07:00,215",INFO,WP5,https://emodnet.ec.europa.eu/geonetwork/srv/eng/catalog.search#/metadata/6d617269-6e65-696e-666f-000000002463,Expecting value: line 1 column 1 (char 0)
"2025-01-16 10:07:00,335",INFO,WP5,https://emodnet.ec.europa.eu/geonetwork/srv/eng/catalog.search#/metadata/6d617269-6e65-696e-666f-000000002466,Expecting value: line 1 column 1 (char 0)
"2025-01-16 10:07:00,457",INFO,WP5,https://emodnet.ec.europa.eu/geonetwork/srv/eng/catalog.search#/metadata/6d617269-6e65-696e-666f-000000002467,Expecting value: line 1 column 1 (char 0)
"2025-01-16 10:07:00,568",INFO,WP5,https://emodnet.ec.europa.eu/geonetwork/srv/eng/catalog.search#/metadata/6d617269-6e65-696e-666f-000000002695,Expecting value: line 1 column 1 (char 0)
"2025-01-16 10:07:00,692",INFO,WP5,https://emodnet.ec.europa.eu/geonetwork/srv/eng/catalog.search#/metadata/6d617269-6e65-696e-666f-000000002706,Expecting value: line 1 column 1 (char 0)
"2025-01-16 10:07:00,799",INFO,WP5,https://emodnet.ec.europa.eu/geonetwork/srv/eng/catalog.search#/metadata/6d617269-6e65-696e-666f-000000002770,Expecting value: line 1 column 1 (char 0)
"2025-01-16 10:07:00,922",INFO,WP5,https://emodnet.ec.europa.eu/geonetwork/srv/eng/catalog.search#/metadata/6d617269-6e65-696e-666f-000000002778,Expecting value: line 1 column 1 (char 0)
"2025-01-16 10:07:01,028",INFO,WP5,https://emodnet.ec.europa.eu/geonetwork/srv/eng/catalog.search#/metadata/6d617269-6e65-696e-666f-000000002968,Expecting value: line 1 column 1 (char 0)
"2025-01-16 10:07:01,131",INFO,WP5,https://emodnet.ec.europa.eu/geonetwork/srv/eng/catalog.search#/metadata/6d617269-6e65-696e-666f-000000002969,Expecting value: line 1 column 1 (char 0)
"2025-01-16 10:07:01,261",INFO,WP5,https://emodnet.ec.europa.eu/geonetwork/srv/eng/catalog.search#/metadata/6d617269-6e65-696e-666f-000000004044,Expecting value: line 1 column 1 (char 0)
"2025-01-16 10:07:01,394",INFO,WP5,https://emodnet.ec.europa.eu/geonetwork/srv/eng/catalog.search#/metadata/6d617269-6e65-696e-666f-000000004412,Expecting value: line 1 column 1 (char 0)
"2025-01-16 10:07:01,508",INFO,WP5,https://emodnet.ec.europa.eu/geonetwork/srv/eng/catalog.search#/metadata/6d617269-6e65-696e-666f-000000004436,Expecting value: line 1 column 1 (char 0)
"2025-01-16 10:07:01,633",INFO,WP5,https://emodnet.ec.europa.eu/geonetwork/srv/eng/catalog.search#/metadata/6d617269-6e65-696e-666f-000000004437,Expecting value: line 1 column 1 (char 0)
"2025-01-16 10:07:01,747",INFO,WP5,https://emodnet.ec.europa.eu/geonetwork/srv/eng/catalog.search#/metadata/6d617269-6e65-696e-666f-000000004438,Expecting value: line 1 column 1 (char 0)
"2025-01-16 10:07:01,857",INFO,WP5,https://emodnet.ec.europa.eu/geonetwork/srv/eng/catalog.search#/metadata/6d617269-6e65-696e-666f-000000004443,Expecting value: line 1 column 1 (char 0)
"2025-01-16 10:07:01,968",INFO,WP5,https://emodnet.ec.europa.eu/geonetwork/srv/eng/catalog.search#/metadata/6d617269-6e65-696e-666f-000000004447,Expecting value: line 1 column 1 (char 0)
"2025-01-16 10:07:02,077",INFO,WP5,https://emodnet.ec.europa.eu/geonetwork/srv/eng/catalog.search#/metadata/6d617269-6e65-696e-666f-000000004448,Expecting value: line 1 column 1 (char 0)
"2025-01-16 10:07:02,193",INFO,WP5,https://emodnet.ec.europa.eu/geonetwork/srv/eng/catalog.search#/metadata/6d617269-6e65-696e-666f-000000004449,Expecting value: line 1 column 1 (char 0)
"2025-01-16 10:07:02,305",INFO,WP5,https://emodnet.ec.europa.eu/geonetwork/srv/eng/catalog.search#/metadata/6d617269-6e65-696e-666f-000000004450,Expecting value: line 1 column 1 (char 0)
"2025-01-16 10:07:02,418",INFO,WP5,https://emodnet.ec.europa.eu/geonetwork/srv/eng/catalog.search#/metadata/6d617269-6e65-696e-666f-000000004451,Expecting value: line 1 column 1 (char 0)
"2025-01-16 10:07:02,542",INFO,WP5,https://emodnet.ec.europa.eu/geonetwork/srv/eng/catalog.search#/metadata/6d617269-6e65-696e-666f-000000004452,Expecting value: line 1 column 1 (char 0)
"2025-01-16 10:07:02,655",INFO,WP5,https://emodnet.ec.europa.eu/geonetwork/srv/eng/catalog.search#/metadata/6d617269-6e65-696e-666f-000000004463,Expecting value: line 1 column 1 (char 0)
"2025-01-16 10:07:02,764",INFO,WP5,https://emodnet.ec.europa.eu/geonetwork/srv/eng/catalog.search#/metadata/6d617269-6e65-696e-666f-000000004464,Expecting value: line 1 column 1 (char 0)
"2025-01-16 10:07:02,872",INFO,WP5,https://emodnet.ec.europa.eu/geonetwork/srv/eng/catalog.search#/metadata/6d617269-6e65-696e-666f-000000004466,Expecting value: line 1 column 1 (char 0)
"2025-01-16 10:07:02,975",INFO,WP5,https://emodnet.ec.europa.eu/geonetwork/srv/eng/catalog.search#/metadata/6d617269-6e65-696e-666f-000000004539,Expecting value: line 1 column 1 (char 0)
"2025-01-16 10:07:03,084",INFO,WP5,https://emodnet.ec.europa.eu/geonetwork/srv/eng/catalog.search#/metadata/6d617269-6e65-696e-666f-000000004540,Expecting value: line 1 column 1 (char 0)
"2025-01-16 10:07:03,196",INFO,WP5,https://emodnet.ec.europa.eu/geonetwork/srv/eng/catalog.search#/metadata/6d617269-6e65-696e-666f-000000004541,Expecting value: line 1 column 1 (char 0)
"2025-01-16 10:07:03,308",INFO,WP5,https://emodnet.ec.europa.eu/geonetwork/srv/eng/catalog.search#/metadata/6d617269-6e65-696e-666f-000000004687,Expecting value: line 1 column 1 (char 0)
"2025-01-16 10:07:03,449",INFO,WP5,https://emodnet.ec.europa.eu/geonetwork/srv/eng/catalog.search#/metadata/6d617269-6e65-696e-666f-000000000490,Expecting value: line 1 column 1 (char 0)
"2025-01-16 10:07:03,565",INFO,WP5,https://emodnet.ec.europa.eu/geonetwork/srv/eng/catalog.search#/metadata/6d617269-6e65-696e-666f-000000005257,Expecting value: line 1 column 1 (char 0)
"2025-01-16 10:07:03,723",INFO,WP5,https://emodnet.ec.europa.eu/geonetwork/srv/eng/catalog.search#/metadata/6d617269-6e65-696e-666f-000000005394,Expecting value: line 1 column 1 (char 0)
"2025-01-16 10:07:03,847",INFO,WP5,https://emodnet.ec.europa.eu/geonetwork/srv/eng/catalog.search#/metadata/6d617269-6e65-696e-666f-000000005608,Expecting value: line 1 column 1 (char 0)
"2025-01-16 10:07:03,963",INFO,WP5,https://emodnet.ec.europa.eu/geonetwork/srv/eng/catalog.search#/metadata/6d617269-6e65-696e-666f-000000005612,Expecting value: line 1 column 1 (char 0)
"2025-01-16 10:07:04,073",INFO,WP5,https://emodnet.ec.europa.eu/geonetwork/srv/eng/catalog.search#/metadata/6d617269-6e65-696e-666f-000000005649,Expecting value: line 1 column 1 (char 0)
"2025-01-16 10:07:04,179",INFO,WP5,https://emodnet.ec.europa.eu/geonetwork/srv/eng/catalog.search#/metadata/6d617269-6e65-696e-666f-000000005651,Expecting value: line 1 column 1 (char 0)
"2025-01-16 10:07:04,290",INFO,WP5,https://emodnet.ec.europa.eu/geonetwork/srv/eng/catalog.search#/metadata/6d617269-6e65-696e-666f-000000005661,Expecting value: line 1 column 1 (char 0)
"2025-01-16 10:07:04,412",INFO,WP5,https://emodnet.ec.europa.eu/geonetwork/srv/eng/catalog.search#/metadata/6d617269-6e65-696e-666f-000000005663,Expecting value: line 1 column 1 (char 0)
"2025-01-16 10:07:04,521",INFO,WP5,https://emodnet.ec.europa.eu/geonetwork/srv/eng/catalog.search#/metadata/6d617269-6e65-696e-666f-000000005664,Expecting value: line 1 column 1 (char 0)
"2025-01-16 10:07:04,628",INFO,WP5,https://emodnet.ec.europa.eu/geonetwork/srv/eng/catalog.search#/metadata/6d617269-6e65-696e-666f-000000005666,Expecting value: line 1 column 1 (char 0)
"2025-01-16 10:07:04,742",INFO,WP5,https://emodnet.ec.europa.eu/geonetwork/srv/eng/catalog.search#/metadata/6d617269-6e65-696e-666f-000000005668,Expecting value: line 1 column 1 (char 0)
"2025-01-16 10:07:04,855",INFO,WP5,https://emodnet.ec.europa.eu/geonetwork/srv/eng/catalog.search#/metadata/6d617269-6e65-696e-666f-000000005685,Expecting value: line 1 column 1 (char 0)
"2025-01-16 10:07:04,967",INFO,WP5,https://emodnet.ec.europa.eu/geonetwork/srv/eng/catalog.search#/metadata/6d617269-6e65-696e-666f-000000005688,Expecting value: line 1 column 1 (char 0)
"2025-01-16 10:07:05,074",INFO,WP5,https://emodnet.ec.europa.eu/geonetwork/srv/eng/catalog.search#/metadata/6d617269-6e65-696e-666f-000000005693,Expecting value: line 1 column 1 (char 0)
"2025-01-16 10:07:05,171",INFO,WP5,https://emodnet.ec.europa.eu/geonetwork/srv/eng/catalog.search#/metadata/6d617269-6e65-696e-666f-000000005718,Expecting value: line 1 column 1 (char 0)
"2025-01-16 10:07:05,273",INFO,WP5,https://emodnet.ec.europa.eu/geonetwork/srv/eng/catalog.search#/metadata/6d617269-6e65-696e-666f-000000005725,Expecting value: line 1 column 1 (char 0)
"2025-01-16 10:07:05,372",INFO,WP5,https://emodnet.ec.europa.eu/geonetwork/srv/eng/catalog.search#/metadata/6d617269-6e65-696e-666f-000000005726,Expecting value: line 1 column 1 (char 0)
"2025-01-16 10:07:05,479",INFO,WP5,https://emodnet.ec.europa.eu/geonetwork/srv/eng/catalog.search#/metadata/6d617269-6e65-696e-666f-000000005727,Expecting value: line 1 column 1 (char 0)
"2025-01-16 10:07:05,584",INFO,WP5,https://emodnet.ec.europa.eu/geonetwork/srv/eng/catalog.search#/metadata/6d617269-6e65-696e-666f-000000005728,Expecting value: line 1 column 1 (char 0)
"2025-01-16 10:07:05,685",INFO,WP5,https://emodnet.ec.europa.eu/geonetwork/srv/eng/catalog.search#/metadata/6d617269-6e65-696e-666f-000000005758,Expecting value: line 1 column 1 (char 0)
"2025-01-16 10:07:05,791",INFO,WP5,https://emodnet.ec.europa.eu/geonetwork/srv/eng/catalog.search#/metadata/6d617269-6e65-696e-666f-000000005759,Expecting value: line 1 column 1 (char 0)
"2025-01-16 10:07:05,946",INFO,WP5,https://emodnet.ec.europa.eu/geonetwork/srv/eng/catalog.search#/metadata/6d617269-6e65-696e-666f-000000005760,Expecting value: line 1 column 1 (char 0)
"2025-01-16 10:07:06,052",INFO,WP5,https://emodnet.ec.europa.eu/geonetwork/srv/eng/catalog.search#/metadata/6d617269-6e65-696e-666f-000000005775,Expecting value: line 1 column 1 (char 0)
"2025-01-16 10:07:06,168",INFO,WP5,https://emodnet.ec.europa.eu/geonetwork/srv/eng/catalog.search#/metadata/6d617269-6e65-696e-666f-000000005971,Expecting value: line 1 column 1 (char 0)
"2025-01-16 10:07:06,271",INFO,WP5,https://emodnet.ec.europa.eu/geonetwork/srv/eng/catalog.search#/metadata/6d617269-6e65-696e-666f-000000005974,Expecting value: line 1 column 1 (char 0)
"2025-01-16 10:07:06,371",INFO,WP5,https://emodnet.ec.europa.eu/geonetwork/srv/eng/catalog.search#/metadata/6d617269-6e65-696e-666f-000000005975,Expecting value: line 1 column 1 (char 0)
"2025-01-16 10:07:06,472",INFO,WP5,https://emodnet.ec.europa.eu/geonetwork/srv/eng/catalog.search#/metadata/6d617269-6e65-696e-666f-000000005979,Expecting value: line 1 column 1 (char 0)
"2025-01-16 10:07:06,578",INFO,WP5,https://emodnet.ec.europa.eu/geonetwork/srv/eng/catalog.search#/metadata/6d617269-6e65-696e-666f-000000005980,Expecting value: line 1 column 1 (char 0)
"2025-01-16 10:07:06,682",INFO,WP5,https://emodnet.ec.europa.eu/geonetwork/srv/eng/catalog.search#/metadata/6d617269-6e65-696e-666f-000000005982,Expecting value: line 1 column 1 (char 0)
"2025-01-16 10:07:06,780",INFO,WP5,https://emodnet.ec.europa.eu/geonetwork/srv/eng/catalog.search#/metadata/6d617269-6e65-696e-666f-000000005983,Expecting value: line 1 column 1 (char 0)
"2025-01-16 10:07:06,885",INFO,WP5,https://emodnet.ec.europa.eu/geonetwork/srv/eng/catalog.search#/metadata/6d617269-6e65-696e-666f-000000005984,Expecting value: line 1 column 1 (char 0)
"2025-01-16 10:07:06,986",INFO,WP5,https://emodnet.ec.europa.eu/geonetwork/srv/eng/catalog.search#/metadata/6d617269-6e65-696e-666f-000000005985,Expecting value: line 1 column 1 (char 0)
"2025-01-16 10:07:07,088",INFO,WP5,https://emodnet.ec.europa.eu/geonetwork/srv/eng/catalog.search#/metadata/6d617269-6e65-696e-666f-000000005986,Expecting value: line 1 column 1 (char 0)
"2025-01-16 10:07:07,184",INFO,WP5,https://emodnet.ec.europa.eu/geonetwork/srv/eng/catalog.search#/metadata/6d617269-6e65-696e-666f-000000005987,Expecting value: line 1 column 1 (char 0)
"2025-01-16 10:07:07,284",INFO,WP5,https://emodnet.ec.europa.eu/geonetwork/srv/eng/catalog.search#/metadata/6d617269-6e65-696e-666f-000000005989,Expecting value: line 1 column 1 (char 0)
"2025-01-16 10:07:07,397",INFO,WP5,https://emodnet.ec.europa.eu/geonetwork/srv/eng/catalog.search#/metadata/6d617269-6e65-696e-666f-000000005991,Expecting value: line 1 column 1 (char 0)
"2025-01-16 10:07:07,531",INFO,WP5,https://emodnet.ec.europa.eu/geonetwork/srv/eng/catalog.search#/metadata/6d617269-6e65-696e-666f-000000005992,Expecting value: line 1 column 1 (char 0)
"2025-01-16 10:07:07,640",INFO,WP5,https://emodnet.ec.europa.eu/geonetwork/srv/eng/catalog.search#/metadata/6d617269-6e65-696e-666f-000000005993,Expecting value: line 1 column 1 (char 0)
"2025-01-16 10:07:07,738",INFO,WP5,https://emodnet.ec.europa.eu/geonetwork/srv/eng/catalog.search#/metadata/6d617269-6e65-696e-666f-000000005994,Expecting value: line 1 column 1 (char 0)
"2025-01-16 10:07:07,861",INFO,WP5,https://emodnet.ec.europa.eu/geonetwork/srv/eng/catalog.search#/metadata/6d617269-6e65-696e-666f-000000005995,Expecting value: line 1 column 1 (char 0)
"2025-01-16 10:07:07,983",INFO,WP5,https://emodnet.ec.europa.eu/geonetwork/srv/eng/catalog.search#/metadata/6d617269-6e65-696e-666f-000000005996,Expecting value: line 1 column 1 (char 0)
"2025-01-16 10:07:08,201",INFO,WP5,https://emodnet.ec.europa.eu/geonetwork/srv/eng/catalog.search#/metadata/6d617269-6e65-696e-666f-000000000601,Expecting value: line 1 column 1 (char 0)
"2025-01-16 10:07:08,423",INFO,WP5,https://emodnet.ec.europa.eu/geonetwork/srv/eng/catalog.search#/metadata/6d617269-6e65-696e-666f-000000000602,Expecting value: line 1 column 1 (char 0)
"2025-01-16 10:07:08,587",INFO,WP5,https://emodnet.ec.europa.eu/geonetwork/srv/eng/catalog.search#/metadata/6d617269-6e65-696e-666f-000000006021,Expecting value: line 1 column 1 (char 0)
"2025-01-16 10:07:08,802",INFO,WP5,https://emodnet.ec.europa.eu/geonetwork/srv/eng/catalog.search#/metadata/6d617269-6e65-696e-666f-000000006022,Expecting value: line 1 column 1 (char 0)
"2025-01-16 10:07:08,978",INFO,WP5,https://emodnet.ec.europa.eu/geonetwork/srv/eng/catalog.search#/metadata/6d617269-6e65-696e-666f-000000006025,Expecting value: line 1 column 1 (char 0)
"2025-01-16 10:07:09,158",INFO,WP5,https://emodnet.ec.europa.eu/geonetwork/srv/eng/catalog.search#/metadata/6d617269-6e65-696e-666f-000000006026,Expecting value: line 1 column 1 (char 0)
"2025-01-16 10:07:09,297",INFO,WP5,https://emodnet.ec.europa.eu/geonetwork/srv/eng/catalog.search#/metadata/6d617269-6e65-696e-666f-000000006027,Expecting value: line 1 column 1 (char 0)
"2025-01-16 10:07:09,418",INFO,WP5,https://emodnet.ec.europa.eu/geonetwork/srv/eng/catalog.search#/metadata/6d617269-6e65-696e-666f-000000006204,Expecting value: line 1 column 1 (char 0)
"2025-01-16 10:07:09,617",INFO,WP5,https://emodnet.ec.europa.eu/geonetwork/srv/eng/catalog.search#/metadata/6d617269-6e65-696e-666f-000000006282,Expecting value: line 1 column 1 (char 0)
"2025-01-16 10:07:09,809",INFO,WP5,https://emodnet.ec.europa.eu/geonetwork/srv/eng/catalog.search#/metadata/6d617269-6e65-696e-666f-000000006386,Expecting value: line 1 column 1 (char 0)
"2025-01-16 10:07:09,933",INFO,WP5,https://emodnet.ec.europa.eu/geonetwork/srv/eng/catalog.search#/metadata/6d617269-6e65-696e-666f-000000006401,Expecting value: line 1 column 1 (char 0)
"2025-01-16 10:07:10,048",INFO,WP5,https://emodnet.ec.europa.eu/geonetwork/srv/eng/catalog.search#/metadata/6d617269-6e65-696e-666f-000000006449,Expecting value: line 1 column 1 (char 0)
"2025-01-16 10:07:10,183",INFO,WP5,https://emodnet.ec.europa.eu/geonetwork/srv/eng/catalog.search#/metadata/6d617269-6e65-696e-666f-000000006450,Expecting value: line 1 column 1 (char 0)
"2025-01-16 10:07:10,291",INFO,WP5,https://emodnet.ec.europa.eu/geonetwork/srv/eng/catalog.search#/metadata/6d617269-6e65-696e-666f-000000006452,Expecting value: line 1 column 1 (char 0)
"2025-01-16 10:07:10,517",INFO,WP5,https://emodnet.ec.europa.eu/geonetwork/srv/eng/catalog.search#/metadata/6d617269-6e65-696e-666f-000000006454,Expecting value: line 1 column 1 (char 0)
"2025-01-16 10:07:10,744",INFO,WP5,https://emodnet.ec.europa.eu/geonetwork/srv/eng/catalog.search#/metadata/6d617269-6e65-696e-666f-000000006456,Expecting value: line 1 column 1 (char 0)
"2025-01-16 10:07:10,951",INFO,WP5,https://emodnet.ec.europa.eu/geonetwork/srv/eng/catalog.search#/metadata/6d617269-6e65-696e-666f-000000006458,Expecting value: line 1 column 1 (char 0)
"2025-01-16 10:07:11,075",INFO,WP5,https://emodnet.ec.europa.eu/geonetwork/srv/eng/catalog.search#/metadata/6d617269-6e65-696e-666f-000000006460,Expecting value: line 1 column 1 (char 0)
"2025-01-16 10:07:11,201",INFO,WP5,https://emodnet.ec.europa.eu/geonetwork/srv/eng/catalog.search#/metadata/6d617269-6e65-696e-666f-000000006462,Expecting value: line 1 column 1 (char 0)
"2025-01-16 10:07:11,305",INFO,WP5,https://emodnet.ec.europa.eu/geonetwork/srv/eng/catalog.search#/metadata/6d617269-6e65-696e-666f-000000006505,Expecting value: line 1 column 1 (char 0)
"2025-01-16 10:07:11,478",INFO,WP5,https://emodnet.ec.europa.eu/geonetwork/srv/eng/catalog.search#/metadata/6d617269-6e65-696e-666f-000000006506,Expecting value: line 1 column 1 (char 0)
"2025-01-16 10:07:11,609",INFO,WP5,https://emodnet.ec.europa.eu/geonetwork/srv/eng/catalog.search#/metadata/6d617269-6e65-696e-666f-000000006507,Expecting value: line 1 column 1 (char 0)
"2025-01-16 10:07:11,716",INFO,WP5,https://emodnet.ec.europa.eu/geonetwork/srv/eng/catalog.search#/metadata/6d617269-6e65-696e-666f-000000006508,Expecting value: line 1 column 1 (char 0)
"2025-01-16 10:07:11,825",INFO,WP5,https://emodnet.ec.europa.eu/geonetwork/srv/eng/catalog.search#/metadata/6d617269-6e65-696e-666f-000000006511,Expecting value: line 1 column 1 (char 0)
"2025-01-16 10:07:11,927",INFO,WP5,https://emodnet.ec.europa.eu/geonetwork/srv/eng/catalog.search#/metadata/6d617269-6e65-696e-666f-000000006525,Expecting value: line 1 column 1 (char 0)
"2025-01-16 10:07:12,039",INFO,WP5,https://emodnet.ec.europa.eu/geonetwork/srv/eng/catalog.search#/metadata/6d617269-6e65-696e-666f-000000006541,Expecting value: line 1 column 1 (char 0)
"2025-01-16 10:07:12,149",INFO,WP5,https://emodnet.ec.europa.eu/geonetwork/srv/eng/catalog.search#/metadata/6d617269-6e65-696e-666f-000000006547,Expecting value: line 1 column 1 (char 0)
"2025-01-16 10:07:12,263",INFO,WP5,https://emodnet.ec.europa.eu/geonetwork/srv/eng/catalog.search#/metadata/6d617269-6e65-696e-666f-000000006577,Expecting value: line 1 column 1 (char 0)
"2025-01-16 10:07:12,377",INFO,WP5,https://emodnet.ec.europa.eu/geonetwork/srv/eng/catalog.search#/metadata/6d617269-6e65-696e-666f-000000006590,Expecting value: line 1 column 1 (char 0)
"2025-01-16 10:07:12,491",INFO,WP5,https://emodnet.ec.europa.eu/geonetwork/srv/eng/catalog.search#/metadata/6d617269-6e65-696e-666f-000000006659,Expecting value: line 1 column 1 (char 0)
"2025-01-16 10:07:12,624",INFO,WP5,https://emodnet.ec.europa.eu/geonetwork/srv/eng/catalog.search#/metadata/6d617269-6e65-696e-666f-000000006660,Expecting value: line 1 column 1 (char 0)
"2025-01-16 10:07:12,735",INFO,WP5,https://emodnet.ec.europa.eu/geonetwork/srv/eng/catalog.search#/metadata/6d617269-6e65-696e-666f-000000006666,Expecting value: line 1 column 1 (char 0)
"2025-01-16 10:07:12,849",INFO,WP5,https://emodnet.ec.europa.eu/geonetwork/srv/eng/catalog.search#/metadata/6d617269-6e65-696e-666f-000000006668,Expecting value: line 1 column 1 (char 0)
"2025-01-16 10:07:13,005",INFO,WP5,https://emodnet.ec.europa.eu/geonetwork/srv/eng/catalog.search#/metadata/6d617269-6e65-696e-666f-000000006671,Expecting value: line 1 column 1 (char 0)
"2025-01-16 10:07:13,116",INFO,WP5,https://emodnet.ec.europa.eu/geonetwork/srv/eng/catalog.search#/metadata/6d617269-6e65-696e-666f-000000006694,Expecting value: line 1 column 1 (char 0)
"2025-01-16 10:07:13,230",INFO,WP5,https://emodnet.ec.europa.eu/geonetwork/srv/eng/catalog.search#/metadata/6d617269-6e65-696e-666f-000000006698,Expecting value: line 1 column 1 (char 0)
"2025-01-16 10:07:13,352",INFO,WP5,https://emodnet.ec.europa.eu/geonetwork/srv/eng/catalog.search#/metadata/6d617269-6e65-696e-666f-000000006699,Expecting value: line 1 column 1 (char 0)
"2025-01-16 10:07:13,467",INFO,WP5,https://emodnet.ec.europa.eu/geonetwork/srv/eng/catalog.search#/metadata/6d617269-6e65-696e-666f-000000007868,Expecting value: line 1 column 1 (char 0)
"2025-01-16 10:07:13,579",INFO,WP5,https://emodnet.ec.europa.eu/geonetwork/srv/eng/catalog.search#/metadata/6d617269-6e65-696e-666f-000000007885,Expecting value: line 1 column 1 (char 0)
"2025-01-16 10:07:13,771",INFO,WP5,https://emodnet.ec.europa.eu/geonetwork/srv/eng/catalog.search#/metadata/6d617269-6e65-696e-666f-000000007891,Expecting value: line 1 column 1 (char 0)
"2025-01-16 10:07:13,886",INFO,WP5,https://emodnet.ec.europa.eu/geonetwork/srv/eng/catalog.search#/metadata/6d617269-6e65-696e-666f-000000008015,Expecting value: line 1 column 1 (char 0)
"2025-01-16 10:07:13,999",INFO,WP5,https://emodnet.ec.europa.eu/geonetwork/srv/eng/catalog.search#/metadata/6d617269-6e65-696e-666f-000000008016,Expecting value: line 1 column 1 (char 0)
"2025-01-16 10:07:14,110",INFO,WP5,https://emodnet.ec.europa.eu/geonetwork/srv/eng/catalog.search#/metadata/6d617269-6e65-696e-666f-000000008017,Expecting value: line 1 column 1 (char 0)
"2025-01-16 10:07:14,231",INFO,WP5,https://emodnet.ec.europa.eu/geonetwork/srv/eng/catalog.search#/metadata/6d617269-6e65-696e-666f-000000008018,Expecting value: line 1 column 1 (char 0)
"2025-01-16 10:07:14,360",INFO,WP5,https://emodnet.ec.europa.eu/geonetwork/srv/eng/catalog.search#/metadata/6d617269-6e65-696e-666f-000000008019,Expecting value: line 1 column 1 (char 0)
"2025-01-16 10:07:14,473",INFO,WP5,https://emodnet.ec.europa.eu/geonetwork/srv/eng/catalog.search#/metadata/6d617269-6e65-696e-666f-000000008020,Expecting value: line 1 column 1 (char 0)
"2025-01-16 10:07:14,596",INFO,WP5,https://emodnet.ec.europa.eu/geonetwork/srv/eng/catalog.search#/metadata/6d617269-6e65-696e-666f-000000008021,Expecting value: line 1 column 1 (char 0)
"2025-01-16 10:07:14,722",INFO,WP5,https://emodnet.ec.europa.eu/geonetwork/srv/eng/catalog.search#/metadata/6d617269-6e65-696e-666f-000000008023,Expecting value: line 1 column 1 (char 0)
"2025-01-16 10:07:14,845",INFO,WP5,https://emodnet.ec.europa.eu/geonetwork/srv/eng/catalog.search#/metadata/6d617269-6e65-696e-666f-000000008046,Expecting value: line 1 column 1 (char 0)
"2025-01-16 10:07:14,954",INFO,WP5,https://emodnet.ec.europa.eu/geonetwork/srv/eng/catalog.search#/metadata/6d617269-6e65-696e-666f-000000008059,Expecting value: line 1 column 1 (char 0)
"2025-01-16 10:07:15,070",INFO,WP5,https://emodnet.ec.europa.eu/geonetwork/srv/eng/catalog.search#/metadata/6d617269-6e65-696e-666f-000000008060,Expecting value: line 1 column 1 (char 0)
"2025-01-16 10:07:15,190",INFO,WP5,https://emodnet.ec.europa.eu/geonetwork/srv/eng/catalog.search#/metadata/6d617269-6e65-696e-666f-000000008070,Expecting value: line 1 column 1 (char 0)
"2025-01-16 10:07:15,306",INFO,WP5,https://emodnet.ec.europa.eu/geonetwork/srv/eng/catalog.search#/metadata/6d617269-6e65-696e-666f-000000008083,Expecting value: line 1 column 1 (char 0)
"2025-01-16 10:07:15,421",INFO,WP5,https://emodnet.ec.europa.eu/geonetwork/srv/eng/catalog.search#/metadata/6d617269-6e65-696e-666f-000000008155,Expecting value: line 1 column 1 (char 0)
"2025-01-16 10:07:15,530",INFO,WP5,https://emodnet.ec.europa.eu/geonetwork/srv/eng/catalog.search#/metadata/6d617269-6e65-696e-666f-000000008188,Expecting value: line 1 column 1 (char 0)
"2025-01-16 10:07:15,647",INFO,WP5,https://emodnet.ec.europa.eu/geonetwork/srv/eng/catalog.search#/metadata/6d617269-6e65-696e-666f-000000008192,Expecting value: line 1 column 1 (char 0)
"2025-01-16 10:07:15,756",INFO,WP5,https://emodnet.ec.europa.eu/geonetwork/srv/eng/catalog.search#/metadata/6d617269-6e65-696e-666f-000000008193,Expecting value: line 1 column 1 (char 0)
"2025-01-16 10:07:15,891",INFO,WP5,https://emodnet.ec.europa.eu/geonetwork/srv/eng/catalog.search#/metadata/6d617269-6e65-696e-666f-000000008198,Expecting value: line 1 column 1 (char 0)
"2025-01-16 10:07:16,040",INFO,WP5,https://emodnet.ec.europa.eu/geonetwork/srv/eng/catalog.search#/metadata/6d617269-6e65-696e-666f-000000008252,Expecting value: line 1 column 1 (char 0)
"2025-01-16 10:07:16,158",INFO,WP5,https://emodnet.ec.europa.eu/geonetwork/srv/eng/catalog.search#/metadata/6d617269-6e65-696e-666f-000000008253,Expecting value: line 1 column 1 (char 0)
"2025-01-16 10:07:16,650",INFO,WP5,https://doi.org/10.14284/584,HTTP Status code:404
"2025-01-16 10:07:21,729",INFO,WP5,https://rshiny.lifewatch.be/zooscan-data/,HTTP Status code:404
"2025-01-16 10:07:21,952",INFO,WP5,https://doi.org/10.14284/543,HTTP Status code:404
"2025-01-16 10:07:22,178",INFO,WP5,https://obis.org/dataset/afa5b0e8-826d-4433-b698-beb176ef7880,Expecting value: line 1 column 1 (char 0)
"2025-01-16 10:07:22,640",INFO,WP5,https://geonode.goosocean.org/layers/geonode_data:geonode:zooplankton_observations_in_tea_lifewatch_observatory_data,HTTP Status code:404
"2025-01-16 10:07:23,076",INFO,WP5,https://doi.org/10.14284/544,HTTP Status code:404
"2025-01-16 10:07:28,173",INFO,WP5,https://rshiny.lifewatch.be/flowcam-data/,HTTP Status code:404
"2025-01-16 10:07:28,346",INFO,WP5,https://obis.org/dataset/956d618f-91dc-4930-a253-cdf80ddb9371,Expecting value: line 1 column 1 (char 0)
"2025-01-16 10:07:28,547",INFO,WP5,https://geonode.goosocean.org/layers/geonode_data:geonode:phytoplankton_observations_inea_lifewatch_obs,HTTP Status code:404
"2025-01-16 10:07:28,808",INFO,WP5,https://biotime.st-andrews.ac.uk/download.php,HTTP Status code:404
"2025-01-16 10:07:28,945",INFO,WP5,https://biotime.st-andrews.ac.uk/download.php,HTTP Status code:404
"2025-01-16 10:07:29,089",INFO,WP5,https://biotime.st-andrews.ac.uk/download.php,HTTP Status code:404
"2025-01-16 10:07:29,249",INFO,WP5,https://biotime.st-andrews.ac.uk/download.php,HTTP Status code:404
"2025-01-16 10:07:29,385",INFO,WP5,https://biotime.st-andrews.ac.uk/download.php,HTTP Status code:404
"2025-01-16 10:07:29,520",INFO,WP5,https://biotime.st-andrews.ac.uk/download.php,HTTP Status code:404
"2025-01-16 10:07:29,655",INFO,WP5,https://biotime.st-andrews.ac.uk/download.php,HTTP Status code:404
"2025-01-16 10:07:29,785",INFO,WP5,https://biotime.st-andrews.ac.uk/download.php,HTTP Status code:404
"2025-01-16 10:07:29,912",INFO,WP5,https://biotime.st-andrews.ac.uk/download.php,HTTP Status code:404
"2025-01-16 10:07:30,045",INFO,WP5,https://biotime.st-andrews.ac.uk/download.php,HTTP Status code:404
"2025-01-16 10:07:30,180",INFO,WP5,https://biotime.st-andrews.ac.uk/download.php,HTTP Status code:404
"2025-01-16 10:07:30,317",INFO,WP5,https://biotime.st-andrews.ac.uk/download.php,HTTP Status code:404
"2025-01-16 10:07:30,456",INFO,WP5,https://biotime.st-andrews.ac.uk/download.php,HTTP Status code:404
"2025-01-16 10:07:30,586",INFO,WP5,https://biotime.st-andrews.ac.uk/download.php,HTTP Status code:404
"2025-01-16 10:07:30,719",INFO,WP5,https://biotime.st-andrews.ac.uk/download.php,HTTP Status code:404
"2025-01-16 10:07:30,851",INFO,WP5,https://biotime.st-andrews.ac.uk/download.php,HTTP Status code:404
"2025-01-16 10:07:30,982",INFO,WP5,https://biotime.st-andrews.ac.uk/download.php,HTTP Status code:404
"2025-01-16 10:07:31,115",INFO,WP5,https://biotime.st-andrews.ac.uk/download.php,HTTP Status code:404
"2025-01-16 10:07:31,253",INFO,WP5,https://biotime.st-andrews.ac.uk/download.php,HTTP Status code:404
"2025-01-16 10:07:31,385",INFO,WP5,https://biotime.st-andrews.ac.uk/download.php,HTTP Status code:404
"2025-01-16 10:07:31,520",INFO,WP5,https://biotime.st-andrews.ac.uk/download.php,HTTP Status code:404
"2025-01-16 10:07:31,653",INFO,WP5,https://biotime.st-andrews.ac.uk/download.php,HTTP Status code:404
"2025-01-16 10:07:31,789",INFO,WP5,https://biotime.st-andrews.ac.uk/download.php,HTTP Status code:404
"2025-01-16 10:07:31,923",INFO,WP5,https://biotime.st-andrews.ac.uk/download.php,HTTP Status code:404
"2025-01-16 10:07:32,047",INFO,WP5,https://biotime.st-andrews.ac.uk/download.php,HTTP Status code:404
"2025-01-16 10:07:32,175",INFO,WP5,https://biotime.st-andrews.ac.uk/download.php,HTTP Status code:404
"2025-01-16 10:07:32,310",INFO,WP5,https://biotime.st-andrews.ac.uk/download.php,HTTP Status code:404
"2025-01-16 10:07:32,442",INFO,WP5,https://biotime.st-andrews.ac.uk/download.php,HTTP Status code:404
"2025-01-16 10:07:32,576",INFO,WP5,https://biotime.st-andrews.ac.uk/download.php,HTTP Status code:404
"2025-01-16 10:07:32,711",INFO,WP5,https://biotime.st-andrews.ac.uk/download.php,HTTP Status code:404
"2025-01-16 10:07:32,841",INFO,WP5,https://biotime.st-andrews.ac.uk/download.php,HTTP Status code:404
"2025-01-16 10:07:33,249",INFO,WP5,https://doi.org/10.17031/6630b7f06375a,HTTP Status code:404
"2025-01-16 10:07:53,882",INFO,WP5,https://www.st.nmfs.noaa.gov/copepod/atlas/index-atlas.html,HTTP Status code:404
"2025-01-16 10:07:54,274",INFO,WP5,https://doi.org/10.1038/s41467-020-17171-y,HTTP Status code:404
"2025-01-16 10:07:54,796",INFO,WP5,https://github.com/AquaAuma/FishGlob_data/tree/main/outputs/Compiled_data,HTTP Status code:404
"2025-01-16 10:08:17,406",INFO,WP5,https://doi.org/10.48670/moi-00021,HTTP Status code:404
"2025-01-16 10:08:17,695",INFO,WP5,https://doi.org/10.48670/moi-00020,HTTP Status code:404
